{"cameraMode":{"drawMode":0,"name":"Shaded","section":"Shading Mode"},"sceneLighting":true,"audioPlay":false,"sceneViewState":{"m_AlwaysRefresh":false,"showFog":true,"showSkybox":true,"showFlares":true,"showImageEffects":true,"showParticleSystems":true,"showVisualEffectGraphs":true,"m_FxEnabled":true},"in2DMode":false,"pivot":{"x":-3.793821096420288,"y":2.0434203147888185,"z":1.7449419498443604},"rotation":{"x":-0.16772779822349549,"y":-0.6710343956947327,"z":0.15974710881710053,"w":-0.7045454978942871},"size":1.0117655992507935,"orthographic":false}