{"cameraMode":{"drawMode":0,"name":"Shaded","section":"Shading Mode"},"sceneLighting":false,"audioPlay":false,"sceneViewState":{"m_AlwaysRefresh":false,"showFog":true,"showSkybox":false,"showFlares":true,"showImageEffects":true,"showParticleSystems":true,"showVisualEffectGraphs":true,"m_FxEnabled":true},"in2DMode":false,"pivot":{"x":8.33176040649414,"y":0.9290536642074585,"z":-0.8743352890014648},"rotation":{"x":0.0018307702848687769,"y":0.9979196190834045,"z":-0.055451128631830218,"w":0.032944343984127048},"size":0.7135442495346069,"orthographic":false}